1,10,23,29,33,37,40,16,0,143934100,143934000,287695800,401550000
2,9,13,21,25,32,42,2,2002006800,189733600,189726000,379310400,554800000
3,11,16,19,21,27,31,30,2000000000,0,163199900,326106000,732560000
4,14,27,30,31,40,42,2,0,211191200,211189600,422381700,523820000
5,16,24,29,40,41,42,3,0,0,253419600,506659500,604340000
6,14,15,26,27,40,42,34,6574451700,588892800,588887400,1177782000,1763750000
7,2,9,16,25,26,40,42,0,433485000,433485000,866499500,2062590000
8,8,19,25,34,37,39,9,0,789330000,789298800,1577829500,2482420000
9,2,4,16,17,36,39,14,0,3077826000,3077817600,6154720000,6033750000
10,9,25,30,33,41,44,6,83595692700,9631962400,9631930800,19198288200,34108460000
11,1,7,36,37,41,42,14,23900761500,3983459700,3983438800,7964902000,6128050000
12,2,11,21,25,39,45,44,16186148400,2697688800,2697502500,5394519000,11150840000
13,22,23,25,37,38,42,26,0,2599855800,2599830000,5197935600,7267510000
14,2,6,12,31,33,40,15,37500193200,3650175200,3650122700,7299410400,13417560000
15,3,4,16,30,31,37,13,17014245000,2835707200,2835689900,5668609200,8275380000
16,6,7,24,37,38,40,33,17508584400,2918096400,2918042400,5835992500,8707700000
17,3,4,9,17,32,37,1,16048473600,2674745100,2674678200,5345141700,9611620000
18,3,12,13,19,32,35,29,0,2625259500,2625256800,5248834500,6933230000
19,6,30,38,39,40,43,26,40722959400,4161899000,4161856700,8322738600,11359910000
20,10,14,18,20,23,30,41,19352212800,3225367600,3225304800,6448356200,8274700000
21,6,12,17,18,31,32,21,18341934200,3056989000,3056979200,6108505600,11553680000
22,4,5,6,8,17,39,25,18208779600,3034793600,3034759200,6064947200,9379610000
23,5,13,17,18,33,42,44,17271790800,2878631700,2878593200,5753645100,9900810000
24,7,8,27,29,36,43,6,0,3168426600,3168402500,6333240000,7559050000
25,2,4,21,26,43,44,16,48455490600,4907487200,4907398100,9813239800,10962000000
26,4,5,7,18,20,25,31,17475349500,2912555100,2912490000,5823511200,10970930000
27,1,20,26,28,37,43,27,19087965000,3181326400,3181315500,6360008200,6259250000
28,9,18,23,25,35,37,1,17003611000,2833934400,2833874400,5665473000,9384830000
29,1,5,13,34,39,40,11,17762970000,2960493900,2960473600,5920110600,7656610000
30,8,17,20,35,36,44,4,17457111000,2909517600,2909515200,5818862500,7104660000
31,7,9,18,23,28,35,32,16213345800,2702222900,2702169000,5402555000,8636410000
32,6,14,19,25,34,44,11,16345283000,2724213800,2724193500,5444323200,8347460000
33,4,7,32,33,40,41,9,14903517600,2483919400,2483912100,4963918400,8889430000
34,9,26,35,37,40,42,2,15284590000,2547427500,2547339200,5090961700,9220630000
35,2,3,11,26,37,43,39,15163794600,2527298400,2527217100,5052154800,7798540000
36,1,10,23,26,28,40,31,16014475800,2669078200,2669030400,5338115300,6737550000
37,7,27,30,33,35,37,42,14957998200,2492998000,2492927300,4985538400,7824900000
38,16,17,22,30,37,43,36,16124599200,2687432400,2687414100,5372882900,6810310000
39,6,7,13,15,21,43,8,15742492800,2623747500,2623696500,5247020800,6809750000
40,7,13,18,19,25,26,6,14919481200,2486576400,2486529500,4972188400,7983740000
41,13,20,23,35,38,43,34,0,2297484000,2297470000,4594099500,5837440000
42,17,18,19,21,23,32,1,41395680600,4601793000,4601656000,9203125100,13936910000
43,6,31,35,38,39,44,1,17749630800,2958270000,2958199600,5914233600,7760430000
44,3,11,21,30,38,45,39,16810779000,2801795600,2801743500,5600852400,6960510000
45,1,10,20,27,33,35,17,16712835600,2785471200,2785433000,5570075000,7753390000
46,8,13,15,23,31,38,39,15983276400,2663879400,2663822000,5325101100,7451990000
47,14,17,26,31,36,45,27,16250212000,2708368300,2708345200,5413372000,6794660000
48,6,10,18,26,37,38,3,14494041600,2415672500,2415647300,4829510400,8746680000
49,4,7,16,19,33,40,30,13772532200,2295419700,2295333200,4585119000,9296350000
50,2,10,12,15,22,44,1,15681184200,2613529800,2613464000,5226391200,6646310000
51,2,3,11,16,26,44,35,14526702000,2421114800,2421047300,4840371300,7065670000
52,2,4,15,16,20,29,1,15603379600,2600562900,2600536800,5199750000,6191090000
53,7,8,14,32,33,39,42,15043113000,2507185000,2507132200,5013606000,7426150000
54,1,8,21,27,36,39,37,15445879800,2574312000,2574307600,5147935800,6173370000
55,17,21,31,37,40,44,7,14177599200,2362932000,2362869600,4723050000,7468550000
56,10,14,30,31,33,37,19,15110283600,2518380300,2518362900,5033378800,7445660000
57,7,10,16,25,29,44,6,16457647600,2742940000,2742912000,5484225000,7636920000
58,10,24,25,33,40,44,1,14705716800,2450951100,2450952800,4901703000,8809540000
59,6,29,36,39,41,45,13,16510349200,2751724600,2751711900,5502584600,6264600000
60,2,8,25,36,39,42,11,15207532200,2534587200,2534496000,5064889600,7357080000
61,14,15,19,30,38,43,8,17705194000,2950865500,2950860000,5899583700,7147840000
62,3,8,15,27,29,35,21,15817286400,2636213800,2636137100,5269110400,7008040000
63,3,20,23,36,38,40,5,15844491000,2640747200,2640672800,5279436000,7129540000
64,14,15,18,21,26,36,39,15599272000,2599878600,2599833600,5196380000,6543790000
65,4,25,33,36,40,43,39,14911783200,2485296000,2485233400,4966542000,8489600000
66,2,3,7,17,22,24,45,14740552800,2456757000,2456721600,4910973600,7121810000
67,3,7,10,15,36,38,33,14801055500,2466837400,2466838800,4931070000,7489010000
68,10,12,15,16,26,39,38,14729410500,2454900000,2454873200,4906251000,7357600000
69,5,8,14,15,19,39,35,14888136600,2481356000,2481303800,4958766000,7042090000
70,5,19,22,25,28,43,26,15093833400,2515637600,2515594500,5027962700,6459900000
71,5,9,12,16,29,41,21,0,2484865600,2484805000,4967161200,6596310000
72,2,4,11,17,26,27,1,42386819800,4579599200,4579495000,9153718200,17029590000
73,3,12,18,32,40,43,38,16599972600,2766660000,2766617400,5532996000,8651310000
74,6,15,17,18,35,40,23,15854849400,2642472000,2642450100,5284585800,8026330000
75,2,5,24,32,34,44,28,15658467600,2609743100,2609743100,5216017800,6971740000
76,1,3,15,22,25,37,43,14902045200,2483672800,2483628000,4966646400,7705220000
77,2,18,29,32,43,44,37,15467275800,2577878200,2577851500,5154993600,6431540000
78,10,13,25,29,33,35,38,14079400000,2346566200,2346526000,4690725000,7163230000
79,3,12,24,27,30,32,14,13665775200,2277629210,2277630108,4555264374,7418710000
80,17,18,24,25,26,30,1,13809540000,2301590000,2301590536,4603184862,7064320000
81,5,7,11,13,20,33,6,13571444400,2261907400,2261908056,4523857320,7872580000
82,1,2,3,14,27,42,39,14562494400,2427082400,2427082749,4854190480,6380580000
83,6,10,15,17,19,34,14,14173896600,2362316100,2362316430,4724661120,7632870000
84,16,23,27,34,42,45,11,15339558000,2556593008,2556593185,5113197610,5824450000
85,6,8,13,23,31,36,21,13848439200,2308073225,2308073872,4616147442,6644920000
86,2,12,37,39,41,45,33,14252186400,2375364400,2375364537,4750749355,6164340000
87,4,12,16,23,34,43,26,19792938605,3298823121,3298823750,6597681888,8908590000
88,1,17,20,24,30,41,27,12278838600,2046473122,2046474066,4093006119,5490575000
89,4,26,28,29,33,40,37,12744965700,2124160950,2124161300,4248330821,6309480000
90,17,20,29,35,38,44,10,13165741200,2194290232,2194290540,4388619760,5803870000
91,1,21,24,26,29,42,27,14331609600,2388601600,2388601610,4777204873,5644510000
92,3,14,24,33,35,36,17,13565979306,2260996550,2260998054,4522055509,6538035000
93,6,22,24,36,38,44,19,13615068900,2269178158,2269178972,4538377520,5926375000
94,5,32,34,40,41,45,6,13472039700,2245339972,2245340031,4490699430,6118965000
95,8,17,27,31,34,43,14,13981929904,2330321664,2330322048,4660705280,6735530000
96,1,3,8,21,22,31,20,12929934605,2154989120,2154990222,4309996602,5558895000
97,6,7,14,15,20,36,3,13465926000,2244321002,2244321274,4488664921,6413390000
98,6,9,16,23,24,32,43,12711889200,2118648240,2118649080,4237306318,6929060000
99,1,3,10,27,29,37,11,13015314300,2169219080,2169220536,4338499788,6411555000
100,1,7,11,23,37,42,6,13261262100,2210210352,2210211296,4420462116,6178885000
101,1,3,17,32,35,45,8,13536487500,2256081280,2256081560,4512225140,6231720000
102,17,22,24,26,35,40,42,13114377603,2185729608,2185729728,4371494444,6611685000
103,5,14,15,27,30,45,10,13532716504,2255452760,2255453651,4510956573,6155780000
104,17,32,33,34,42,44,35,13221487500,2203581263,2203582320,4407192464,6231040000
105,8,10,20,34,41,45,28,13667125800,2277854306,2277854766,4555745808,5961315000
106,4,10,12,22,24,33,29,12967378512,2161229760,2161230192,4322523955,7079945000
107,1,4,5,6,9,31,17,13359855600,2226642600,2226643968,4453322090,6506175000
108,7,18,22,23,29,44,12,13992305404,2332050931,2332052282,4664170431,6117105000
109,1,5,34,36,42,44,33,14962058400,2493676425,2493677278,4987368387,6355285000
110,7,20,22,23,29,43,1,13698786000,2283131010,2283131952,4566314520,5981435000
111,7,18,31,33,36,40,27,13194284700,2199047478,2199048396,4398134279,6948025000
112,26,29,30,33,41,42,43,14105440503,2350906752,2350907670,4701842451,6136935000
113,4,9,28,33,36,45,26,14053760406,2342293420,2342293779,4684624308,6206190000
114,11,14,19,26,28,41,2,14174070300,2362345052,2362346364,4724763240,6416250000
115,1,2,6,9,25,28,31,13397306103,2232884380,2232885470,4465808353,7236435000
116,2,4,25,31,34,37,17,13984231205,2330705216,2330705310,4661475325,7495990000
117,5,10,22,34,36,44,35,14025405006,2337567500,2337567620,4675173982,6339130000
118,3,4,10,17,19,22,38,12979897200,2163316210,2163316704,4326701039,6952805000
119,3,11,13,14,17,21,38,13274094600,2212349118,2212350448,4424716912,6776825000
120,4,6,10,11,32,37,30,13093590900,2182265150,2182265535,4364594400,6886840000
121,12,28,30,34,38,43,9,13679296200,2279882724,2279883540,4559824296,5768445000
122,1,11,16,17,36,40,8,13050664200,2175110728,2175111587,4350282302,6334745000
123,7,17,18,28,30,45,27,12664913400,2110818908,2110819102,4221654712,5940535000
124,4,16,23,25,29,42,1,12563426403,2093904407,2093905660,4187832320,6151375000
125,2,8,32,33,35,36,18,12284095502,2047349268,2047349408,4094751540,6101360000
126,7,20,22,27,40,43,1,12323713500,2053952250,2053952333,4107914460,5834960000
127,3,5,10,29,32,43,35,11795634900,1965939188,1965939389,3931887100,5716910000
128,12,30,34,36,37,45,39,12384258600,2064043115,2064043360,4128097974,5514765000
129,19,23,25,28,38,42,17,12029926205,2004987700,2004988680,4010042244,5728000000
130,7,19,24,27,42,45,31,12145986600,2024331120,2024332238,4048711464,5436195000
131,8,10,11,14,15,21,37,11609715904,1934952657,1934954280,3869924196,5766360000
132,3,17,23,34,41,45,43,11681894100,1946982358,1946983712,3893968881,5491125000
133,4,7,15,18,23,26,13,11601940800,1933656840,1933656932,3867372594,6108395000
134,3,12,20,23,31,35,43,11745775500,1957629250,1957629898,3915285150,5646495000
135,6,14,22,28,35,39,16,12021054605,2003509116,2003509616,4007080329,5496245000
136,2,16,30,36,41,42,11,11986164900,1997694166,1997694401,3995395527,5595375000
137,7,9,20,25,36,39,15,11433631203,1905605200,1905605424,3811218425,5933275000
138,10,11,27,28,37,39,19,11135760000,1855960000,1855961082,3711946290,5284625000
139,9,11,15,20,28,43,13,11551471505,1925245252,1925245584,3850501143,4933090000
140,3,13,17,18,19,28,8,10547314200,1757885714,1757886380,3515805524,5412875000
141,8,12,29,31,42,43,2,11403314400,1900552410,1900553512,3801121524,5002955000
142,12,16,30,34,40,44,19,11200921204,1866820200,1866821034,3733672590,5338220000
143,26,27,28,42,43,45,8,11863754100,1977292380,1977293334,3954595730,4934755000
144,4,15,17,26,36,37,43,11219523304,1869920568,1869921942,3739909296,5902055000
145,2,3,13,20,27,44,9,11393514600,1898919128,1898919176,3797867280,5467725000
146,2,19,27,35,41,42,25,12086830500,2014471780,2014472268,4028984036,5194060000
147,4,6,13,21,40,42,36,11900281505,1983380280,1983380580,3966781896,5339000000
148,21,25,33,34,35,36,17,11617982100,1936330375,1936331475,3872694392,5398320000
149,2,11,21,34,41,42,27,11473365001,1912227501,1912227777,3824490150,5081200000
150,2,18,25,28,37,39,16,11326583400,1887763916,1887764351,3775536400,5504250000
151,1,2,10,13,18,19,15,10866536100,1811089350,1811089371,3622232250,5567640000
152,1,5,13,26,29,34,43,11390659200,1898443200,1898443360,3796922052,5105735000
153,3,8,11,12,13,36,33,10922104500,1820350792,1820352048,3640716750,5685360000
154,6,19,21,35,40,45,20,11346514800,1891085824,1891086665,3782195307,5100335000
155,16,19,20,32,33,41,4,10737051606,1789508626,1789509150,3579054794,5175015000
156,5,18,28,30,42,45,2,11208799200,1868133210,1868133840,3736322234,4990960000
157,19,26,30,33,35,39,37,10969807500,1828301272,1828301475,3656646450,5143670000
158,4,9,13,18,21,34,7,10695443400,1782573930,1782574956,3565207090,5358705000
159,1,18,30,41,42,43,32,10532443800,1755407304,1755407556,3510822963,4601890000
160,3,7,8,34,39,41,1,10981610700,1830268480,1830268856,3660575760,5113935000
161,22,34,36,40,42,45,44,13978133904,2096355681,2096356619,4192747599,5584670000
162,1,5,21,25,38,41,24,11541328800,1923554820,1923555548,3847162685,5289495000
163,7,11,26,28,29,44,16,11408085605,1901347635,1901347640,3802755380,5496000000
164,6,9,10,11,39,41,27,12164813700,2027468976,2027469156,4055009310,6251370000
165,5,13,18,19,22,42,31,13534853400,2255808920,2255809905,4511656800,6485970000
166,9,12,27,36,39,45,14,12224299802,2037383320,2037384129,4074833094,5704900000
167,24,27,28,30,36,39,4,12456114600,2076019128,2076019751,4152074528,5612005000
168,3,10,31,40,42,43,30,11749734600,1958289102,1958289168,3916600776,6165215000
169,16,27,35,37,43,45,19,12414441900,2069073672,2069073859,4138153770,5347355000
170,2,11,13,15,31,42,10,11538649500,1923108264,1923109496,3846248430,5628040000
171,4,16,25,29,34,35,1,11768038200,1961339714,1961340392,3922708673,5565340000
172,4,19,21,24,26,41,35,11892694803,1982115815,1982116708,3964277184,5557975000
173,3,9,24,30,33,34,18,11901894304,1983649059,1983649952,3967358313,6306770000
174,13,14,18,22,35,39,16,12397721406,2066286924,2066287150,4132636420,5507415000
175,19,26,28,31,33,36,17,11855663100,1975943856,1975943934,3951897705,5688135000
176,4,17,30,32,33,34,15,11573315400,1928885920,1928887140,3857840145,5955405000
177,1,10,13,16,37,43,6,11852998500,1975499760,1975499820,3951019092,5485165000
178,1,5,11,12,18,23,9,11273105400,1878850908,1878852348,3757758768,6002870000
179,5,9,17,25,39,43,32,10810939200,1801823245,1801824640,3603713384,5627615000
180,2,15,20,21,29,34,22,11526743100,1921123855,1921124652,3842289484,5236500000
181,14,21,23,32,40,45,44,11650579800,1941763320,1941764157,3883557302,5144590000
182,13,15,27,29,34,40,35,11164318200,1860719740,1860720860,3721441284,5004100000
183,2,18,24,34,40,42,5,10663329000,1777221500,1777222302,3554501328,5197015000
184,1,2,6,16,20,33,41,10486518300,1747753061,1747753403,3495511952,5274145000
185,1,2,4,8,19,38,14,10567457400,1761242908,1761243036,3522539836,5279115000
186,4,10,14,19,21,45,9,10690943400,1781823938,1781824870,3563682534,4923975000
187,1,2,8,18,29,38,42,10813137300,1802189558,1802189900,3604435100,4906085000
188,19,24,27,30,31,34,36,10504215600,1750702602,1750702800,3501449676,5081095000
189,8,14,32,35,37,45,28,10385325300,1730887554,1730888565,3461805111,4516400000
190,8,14,18,30,31,44,15,10704956700,1784159454,1784160008,3568333567,4590635000
191,5,6,24,25,32,37,8,10308458700,1718076471,1718077080,3436197900,5086670000
192,4,8,11,18,37,45,33,9781393500,1630232262,1630232442,3260470722,4715210000
193,6,14,18,26,36,39,13,10213349100,1702224860,1702225330,3404463642,4871990000
194,15,20,23,26,39,44,28,10602271500,1767045252,1767046208,3534090615,4585305000
195,7,10,19,22,35,40,31,10108918501,1684819752,1684821086,3369644784,5339165000
196,35,36,37,41,44,45,30,10918147800,1819691325,1819691874,3639404377,4689835000
197,7,12,16,34,42,45,4,10818109800,1803018336,1803019198,3606038988,4966470000
198,12,19,20,25,41,45,2,10787130300,1797855050,1797855150,3595762852,4828460000
199,14,21,22,25,30,36,43,10688504400,1781417413,1781418094,3562838706,4696360000
200,5,6,13,14,17,20,7,10756932904,1792822166,1792822330,3585655921,5391990000
201,3,11,24,38,39,44,26,9719465400,1619910912,1619911629,3239841285,4928275000
202,12,14,27,33,39,44,17,11360350200,1893391720,1893391808,3786812856,5218100000
203,1,3,11,24,30,32,7,10822823700,1803803990,1803805136,3607642308,5478640000
204,3,12,14,35,40,45,5,10866777000,1811129503,1811130080,3622301702,4927580000
205,1,3,21,29,35,37,30,11011330800,1835221815,1835222454,3670482222,4813040000
206,1,2,3,15,20,25,43,10164296700,1694049480,1694049909,3388163440,5222995000
207,3,11,14,31,32,37,38,10523368800,1753894831,1753895805,3507813117,5102220000
208,14,25,31,34,40,44,24,10564604400,1760767418,1760768064,3521543999,5150515000
209,2,7,18,20,24,33,37,9965378100,1660896362,1660896468,3321806523,5267725000
210,10,19,22,23,25,37,39,10278171900,1713028684,1713029010,3426078150,5248695000
211,12,13,17,20,33,41,8,10358002500,1726333750,1726335024,3452716575,5403000000
212,11,12,18,21,31,38,8,10642989000,1773831528,1773832492,3547715538,5331245000
213,2,3,4,5,20,24,42,11013424200,1835570715,1835571351,3671236362,6016840000
214,5,7,20,25,28,37,32,11255847000,1875974508,1875974692,3752011827,5838125000
215,2,3,7,15,43,44,4,11113827305,1852304576,1852305312,3704653764,5314835000
216,7,16,17,33,36,40,1,11030579404,1838429901,1838430080,3676919734,5786710000
217,16,20,27,33,35,39,38,11278723204,1879787221,1879787376,3759605756,5332450000
218,1,8,14,18,29,44,20,11116303200,1852717204,1852717443,3705437460,4981985000
219,4,11,20,26,35,37,16,10875682503,1812613772,1812613984,3625253527,5325735000
220,5,11,19,21,34,43,31,11748569700,1958094964,1958095845,3916248536,5610750000
221,2,20,33,35,37,40,10,10800625500,1800104284,1800104544,3600224349,5836025000
222,5,7,28,29,39,43,44,11375969100,1895994870,1895995465,3792002874,4907650000
223,1,3,18,20,26,27,38,10487194200,1747865730,1747866504,3495751038,5539780000
224,4,19,26,27,30,42,7,10853819700,1808969968,1808970858,3617984397,5127855000
225,5,11,13,19,31,36,7,10663210800,1777201826,1777202856,3554419888,5403990000
226,2,6,8,14,21,22,34,10464600900,1744100174,1744101180,3488233364,5131820000
227,4,5,15,16,22,42,2,10507084800,1751180808,1751181259,3502396693,4710580000
228,17,25,35,36,39,44,23,10320303006,1720050501,1720051182,3440156244,5181545000
229,4,5,9,11,23,38,35,10160087700,1693347957,1693348544,3386733744,5448015000
230,5,11,14,29,32,33,12,10343433304,1723905550,1723905689,3447811740,4856620000
231,5,10,19,31,44,45,27,9795293100,1632548856,1632549772,3265129861,4852325000
232,8,9,10,12,24,44,35,9998265600,1666377612,1666377704,3332810000,5118540000
233,4,6,13,17,28,40,39,9991537500,1665256268,1665256866,3330551565,5105840000
234,13,21,22,24,26,37,4,10078975500,1679829265,1679829787,3359658642,4608750000
235,21,22,26,27,31,37,8,10299990300,1716665063,1716665238,3433359036,4507045000
236,1,4,8,13,37,39,7,10060080300,1676680076,1676680470,3353407440,4704135000
237,1,11,17,21,24,44,33,10084415103,1680735888,1680736050,3361497588,4871785000
238,2,4,15,28,31,34,35,10094945103,1682490854,1682491252,3364989240,4651330000
239,11,15,24,39,41,44,7,10207261503,1701210267,1701211056,3402437850,4636180000
240,6,10,16,40,41,43,21,10196502900,1699417160,1699417152,3398839488,4807550000
241,2,16,24,27,28,35,21,10208065200,1701344224,1701344635,3402689061,4610005000
242,4,19,20,21,32,34,43,9876339000,1646056512,1646056830,3292120184,4879315000
243,2,12,17,19,28,42,34,9635400000,1605900027,1605900384,3211839990,4593415000
244,13,16,25,36,37,38,19,9121583100,1520263850,1520264888,3040540290,4502885000
245,9,11,27,31,32,38,22,9678081903,1613013675,1613013948,3226053755,4797175000
246,13,18,21,23,26,39,15,9558871200,1593145216,1593145626,3186335200,4795125000
247,12,15,28,36,39,40,13,10015883400,1669313921,1669314591,3338647104,4422710000
248,3,8,17,23,38,45,13,9819834904,1636639152,1636639620,3273305528,4807810000
249,3,8,27,31,41,44,11,9981412200,1663568702,1663568830,3327186852,4633880000
250,19,23,30,37,43,45,38,9973631400,1662271900,1662272110,3324565888,4438685000
251,6,7,19,25,28,38,45,10260931200,1710155200,1710155754,3420313295,5144955000
252,14,23,26,31,39,45,28,9737628005,1622938008,1622938828,3245876565,4374580000
253,8,19,25,31,34,36,33,9864758100,1644126360,1644127191,3288266736,4713410000
254,1,5,19,20,24,30,27,9741015900,1623502650,1623503525,3247018992,4894530000
255,1,5,6,24,27,42,32,9591711300,1598618554,1598618664,3197239758,4726485000
256,4,11,14,21,23,43,32,9782034000,1630339032,1630340120,3260679250,4694900000
257,6,13,27,31,32,37,4,9565508100,1594251360,1594251738,3188503092,4774305000
258,14,27,30,31,38,40,17,9705737400,1617622916,1617624028,3235279894,4505985000
259,4,5,14,35,42,45,34,9677067000,1612844500,1612845070,3225728000,4324340000
260,7,12,15,24,37,40,43,9240342300,1540057064,1540057848,3080158718,4669535000
261,6,11,16,18,31,43,2,9576897300,1596149568,1596149952,3192316345,4646025000
262,9,12,24,25,29,31,36,9037483200,1506247218,1506248128,3012521562,4553645000
263,1,27,28,32,37,40,18,9310229400,1551704904,1551705732,3103418340,4321515000
264,9,16,27,36,41,44,5,9414224400,1569037419,1569038388,3138113632,4201215000
265,5,9,34,37,38,39,12,9606708600,1601118106,1601118660,3202271394,4445780000
266,3,4,9,11,22,42,37,9621635100,1603605852,1603606476,3207219320,4932475000
267,7,8,24,34,36,41,1,9772989900,1628831652,1628832268,3257681322,4629610000
268,3,10,19,24,32,45,12,9456681605,1576113630,1576114572,3152232720,4845765000
269,5,18,20,36,42,43,32,9806999700,1634499966,1634500062,3269013510,4333810000
270,5,9,12,20,21,26,27,9639150300,1606525056,1606525758,3213071268,4857425000
271,3,8,9,27,29,40,36,9395508900,1565918172,1565919256,3131863362,4780635000
272,7,9,12,27,39,43,28,9941605200,1656934227,1656935540,3313876761,5085995000
273,1,8,24,31,34,44,6,10018629300,1669771551,1669772440,3339546752,4710390000
274,13,14,15,26,35,39,25,10020342300,1670057086,1670057136,3340146255,4615285000
275,14,19,20,35,38,40,26,10044066900,1674011150,1674012065,3348045141,4424795000
276,4,15,21,33,39,41,25,9937707000,1656284523,1656284922,3312617352,4720960000
277,10,12,13,15,25,29,20,9817883400,1636313920,1636314576,3272651181,4571215000
278,3,11,37,39,41,43,13,9559590000,1593265005,1593265806,3186563324,4611440000
279,7,16,31,36,37,38,11,9571026600,1595171124,1595171200,3190365286,4613560000
280,10,11,23,24,36,37,35,9486809703,1581134958,1581135080,3162276495,4525650000
281,1,3,4,6,14,41,12,9328099200,1554683205,1554683592,3109412159,4853425000
282,2,5,10,18,31,32,30,9254368501,1542394752,1542395405,3084799410,5101640000
283,6,8,18,31,38,45,42,9411673800,1568612304,1568613169,3137266734,4380535000
284,2,7,15,24,30,45,28,9352920900,1558820158,1558820715,3117678067,4298500000
285,13,33,37,40,41,45,2,9493110300,1582185072,1582185546,3164417515,4360585000
286,1,15,19,40,42,44,17,9709698900,1618283151,1618283338,3236580822,4289410000
287,6,12,24,27,35,37,41,9300599700,1550099978,1550100370,3100203117,4810745000
288,1,12,17,28,35,41,10,9429046200,1571507712,1571508576,3143038038,4269990000
289,3,14,33,37,38,42,10,0,1530280656,1530281212,3060582021,4400515000
290,8,13,18,32,39,45,7,27939787512,3126350650,3126352523,6252784896,8917645000
291,3,7,8,18,20,42,45,10154096400,1692349425,1692349566,3384703872,5148215000
292,17,18,31,32,33,34,10,10085235300,1680872556,1680873264,3361774608,4888590000
293,1,9,17,21,29,33,24,9940586400,1656764403,1656765488,3313549812,4632210000
294,6,10,17,30,37,38,40,9626019900,1604336656,1604337699,3208690320,4738540000
295,1,4,12,16,18,38,8,0,1637216750,1637217691,3274438256,4751900000
296,3,8,15,27,30,45,44,24528706200,2450900995,2450901998,4901822610,7179940000
297,6,11,19,20,28,32,34,10113337500,1685556264,1685556375,3371150256,4965175000
298,5,9,27,29,37,40,19,9909778500,1651629760,1651630101,3303265170,5059540000
299,1,3,20,25,36,45,24,10386407703,1731067971,1731068716,3462141550,4921275000
300,7,9,10,12,26,38,39,10033109100,1672184872,1672185552,3344415678,5510675000
301,7,11,13,33,37,43,26,10131695105,1688615859,1688616283,3377293916,5302430000
302,13,19,20,32,38,42,4,10944334500,1824055772,1824056010,3648158800,4950745000
303,2,14,17,30,38,45,43,10036494000,1672749000,1672749528,3345520094,4693390000
304,4,10,16,26,33,41,38,9969876900,1661646172,1661646500,3323315824,4962865000
305,7,8,18,21,23,39,9,10041050700,1673508458,1673509410,3347069418,5245245000
306,4,18,23,30,34,41,19,10513347600,1752224617,1752224732,3504503714,4688485000
307,5,15,21,23,25,45,12,10350573000,1725095512,1725095944,3450249000,4689540000
308,14,15,17,19,37,45,40,10232872800,1705478814,1705479432,3410965289,4614920000
309,1,2,5,11,18,36,22,9917852406,1652975400,1652975490,3305972250,5549010000
310,1,5,19,28,34,41,16,10373706600,1728951116,1728951096,3457932128,4569530000
311,4,12,24,27,28,32,10,9901528504,1650254774,1650254976,3300541000,5102060000
312,2,3,5,6,12,20,25,9435267300,1572544604,1572545088,3145154074,5402250000
313,9,17,34,35,43,45,2,10292536800,1715422800,1715423360,3430870164,4681820000
314,15,17,19,34,38,41,2,9963073200,1660512216,1660512348,3321075784,4558925000
315,1,13,33,35,43,45,23,10469829000,1744971520,1744971902,3489948837,4719875000
316,10,11,21,27,31,39,43,10041518400,1673586404,1673587740,3347188252,5301020000
317,3,10,11,22,36,39,8,10305034200,1717505700,1717506624,3435018680,4892500000
318,2,17,19,20,34,45,21,10866929400,1811154912,1811155261,3622336887,5220315000
319,5,8,22,28,33,42,37,10678296900,1779716172,1779716485,3559465170,4920430000
320,16,19,23,25,41,45,3,11026135800,1837689300,1837690271,3675413132,4953050000
321,12,18,20,21,25,34,42,11754816600,1959136130,1959137224,3918335360,5717630000
322,9,18,29,32,38,43,20,11427268200,1904544724,1904545415,3809140982,5428700000
323,10,14,15,32,36,42,3,11688203104,1948033854,1948034850,3896111660,5124400000
324,2,4,21,25,33,36,17,11190782100,1865130360,1865130608,3730262830,5342855000
325,7,17,20,32,44,45,33,10836734700,1806122472,1806123180,3612252833,5257265000
326,16,23,25,33,36,39,40,10992807300,1832134565,1832135310,3664302399,5290930000
327,6,12,13,17,32,44,24,10592097000,1765349508,1765350234,3530698485,5242285000
328,1,6,9,16,17,28,24,10918775400,1819795920,1819796340,3639609630,5460535000
329,9,17,19,30,35,42,4,10982347200,1830391200,1830391425,3660817336,5295340000
330,3,4,16,17,19,20,23,10460521800,1743420320,1743421644,3486863250,5495545000
331,4,9,14,26,31,44,39,10829513100,1804918860,1804919025,3609893322,5271545000
332,16,17,34,36,42,45,3,10875587104,1812597884,1812598164,3625221637,4895300000
333,5,14,27,30,39,43,35,10856910001,1809485028,1809486315,3619017066,4914685000
334,13,15,21,29,39,43,33,10661020804,1776836827,1776837330,3553695474,4451460000
335,5,9,16,23,26,45,21,10187462400,1697910424,1697911566,3395820946,5009635000
336,3,5,20,34,35,44,16,10113795900,1685632650,1685632809,3371269314,4678340000
337,1,5,14,18,32,37,4,10060004104,1676667366,1676668530,3353391104,4949560000
338,2,13,34,38,42,45,16,10150293000,1691715519,1691716398,3383462772,4650855000
339,6,8,14,21,30,37,45,9871005006,1645167520,1645168050,3290372580,4566145000
340,18,24,26,29,34,38,32,10075752302,1679292055,1679293125,3358600168,4653140000
341,1,8,19,34,39,43,41,10480454404,1746742404,1746743245,3493514248,4893800000
342,1,13,14,33,34,43,25,10362287400,1727047904,1727048587,3454118033,4620615000
343,1,10,17,29,31,43,15,10302918000,1717153017,1717153616,3434316548,4656700000
344,1,2,15,28,34,45,38,10269745801,1711624304,1711624586,3423262128,4803200000
345,15,20,23,29,39,42,2,10407155100,1734525884,1734525896,3469080468,4420210000
346,5,13,14,22,44,45,33,10088636700,1681439474,1681439850,3362932755,4616800000
347,3,8,13,27,32,42,10,10196370002,1699395036,1699396078,3398843866,5115920000
348,3,14,17,20,24,31,34,9899982000,1649997018,1649998168,3300006702,4893185000
349,5,13,14,20,24,25,36,10059627000,1676604532,1676605600,3353249718,4950890000
350,1,8,18,24,29,33,35,9909472203,1651578710,1651578705,3303200340,4824760000
351,5,25,27,29,34,36,33,10333428600,1722238109,1722238914,3444478368,4751365000
352,5,16,17,20,26,41,24,10397149500,1732858257,1732859062,3465732110,5031190000
353,11,16,19,22,29,36,26,10581676500,1763612757,1763613134,3527249586,4640335000
354,14,19,36,43,44,45,1,10622321700,1770386970,1770387216,3540827466,4650975000
355,5,8,29,30,35,44,38,10727124000,1787854008,1787854184,3575719540,4629985000
356,2,8,14,25,29,45,24,10414667403,1735777929,1735778790,3471616282,4984700000
357,10,14,18,21,36,37,5,10626788700,1771131474,1771132176,3542273721,4904890000
358,1,9,10,12,21,40,37,10417964700,1736327472,1736328216,3472680348,5462640000
359,1,10,19,20,24,40,23,10293700800,1715616814,1715617656,3431256626,5487960000
360,4,16,23,25,35,40,27,10700148600,1783358115,1783358320,3566732229,5025935000
361,5,10,16,24,27,35,33,10311805805,1718634312,1718634379,3437323533,5344995000
362,2,3,22,27,30,40,29,10376547900,1729424658,1729425453,3458884604,4873935000
363,11,12,14,21,32,38,6,10463642400,1743940407,1743940992,3487888072,4992570000
364,2,5,7,14,16,40,4,10127659200,1687943219,1687943818,3375940095,5216570000
365,5,15,21,25,26,30,31,10697716800,1782952815,1782953338,3565964232,5073505000
366,5,12,19,26,27,44,38,10703107800,1783851303,1783851762,3567704107,5142570000
367,3,22,25,29,32,44,19,11072156102,1845359386,1845359889,3690732096,4776060000
368,11,21,24,30,39,45,26,10260775805,1710129314,1710129845,3420311400,4771730000
369,17,20,35,36,41,43,21,11053066500,1842177759,1842178871,3684358852,4936360000
370,16,18,24,42,44,45,17,11752593601,1958765600,1958766368,3917580849,5293670000
371,7,9,15,26,27,42,18,10668913801,1778152313,1778152560,3556333132,5140060000
372,8,11,14,16,18,21,13,10733338800,1788889801,1788889824,3577784904,5194635000
373,15,26,37,42,43,45,9,11167204500,1861200773,1861201250,3722407381,4935525000
374,11,13,15,17,25,34,26,11057435700,1842905952,1842906510,3685817376,5611600000
375,4,8,19,25,27,45,7,11068988406,1844831436,1844832158,3689671457,5484155000
376,1,11,13,24,28,40,7,11741494800,1956915849,1956915900,3913854750,5759390000
377,6,22,29,37,43,45,23,11736256200,1956042704,1956042886,3912087664,5048790000
378,5,22,29,31,34,39,43,11588491200,1931415210,1931415284,3862857978,5119330000
379,6,10,22,31,35,40,19,11192998502,1865499795,1865500780,3731000064,5113845000
380,1,2,8,17,26,37,27,10737099300,1789516554,1789517472,3579058956,5687020000
381,1,5,10,12,16,20,11,10749039005,1791506554,1791507445,3583059840,6056490000
382,10,15,22,24,27,42,19,11080049400,1846674912,1846675920,3693367105,5233895000
383,4,15,28,33,37,40,25,10789566300,1798261052,1798261209,3596577075,5050915000
384,11,22,24,32,36,38,7,10976202600,1829367110,1829367180,3658777430,5150800000
385,7,12,19,21,29,32,9,10794228900,1799038152,1799039320,3598090624,5131360000
386,4,7,10,19,31,40,26,10429533300,1738255581,1738256256,3476574450,5571110000
387,1,26,31,34,40,43,20,10702134000,1783689024,1783689358,3567389275,4893090000
388,1,8,9,17,29,32,45,10182175500,1697029260,1697029893,3394096225,5184060000
389,7,16,18,20,23,26,3,10595135100,1765855872,1765856659,3531750400,5108455000
390,16,17,28,37,39,40,15,10373997900,1728999677,1729000679,3458022956,4804840000
391,10,11,18,22,28,39,30,10508749800,1751458304,1751459304,3502921633,5066175000
392,1,3,7,8,24,42,43,10281172200,1713528720,1713529760,3427107866,5629055000
393,9,16,28,40,41,43,21,10896031800,1816005310,1816005520,3632059165,4834505000
394,1,13,20,22,25,28,15,10654349100,1775724852,1775725420,3551460300,4838920000
395,11,15,20,26,31,35,7,10742445000,1790407500,1790408420,3580828706,5192215000
396,18,20,31,34,40,45,30,10593244800,1765540814,1765540872,3531094896,5076460000
397,12,13,17,22,25,33,8,10498559100,1749759877,1749759942,3499559870,5447405000
398,10,15,20,23,42,44,7,10722502200,1787083722,1787084080,3574207515,4842815000
399,1,2,9,17,19,42,20,10214839800,1702473320,1702474146,3405005556,5751160000
400,9,21,27,34,41,43,2,10679337300,1779889560,1779889980,3559815072,4890970000
401,6,12,18,31,38,43,9,10513933128,1752322216,1752322585,2979950000,4747455000
402,5,9,15,19,22,36,32,10648824752,1774804146,1774805335,3132800000,5170240000
403,10,14,22,24,28,37,26,10611984375,1768664089,1768664443,3156100000,5150255000
404,5,20,21,24,33,40,36,10699978125,1783329704,1783330424,3177950000,5250325000
405,1,2,10,25,26,44,4,10631634000,1771939015,1771939753,3154000000,5280940000
406,7,12,21,24,27,36,45,10780712250,1796785386,1796786796,3330200000,5326620000
407,6,7,13,16,24,25,1,11547951002,1924658523,1924659160,3274050000,5543475000
408,9,20,21,22,30,37,16,11176879125,1862813205,1862814116,3105050000,5195800000
409,6,9,21,31,32,40,38,11587959000,1931326524,1931327640,3206150000,5305530000
410,1,3,18,32,40,41,16,11244021381,1874003565,1874004569,3297100000,5444780000
411,11,14,22,35,37,39,5,11438730756,1906455132,1906455368,3170150000,5207770000
412,4,7,39,41,42,45,40,11593398754,1932233158,1932233599,2994100000,5081125000
413,2,9,15,23,34,40,3,11258694000,1876449024,1876450184,3139850000,5311420000
414,2,14,15,22,23,44,43,11703832500,1950638760,1950639700,2936300000,4914085000
415,7,17,20,26,30,40,24,10673459256,1778909895,1778911149,3570450000,5571295000
416,5,6,8,11,22,26,44,10720371000,1786728512,1786728859,3523500000,5610075000
417,4,5,14,20,22,43,44,11273319752,1878886648,1878887149,2943950000,5009085000
418,11,13,15,26,28,34,31,11485198128,1914199702,1914200960,3087400000,5128030000
419,2,11,13,14,28,30,7,11389472250,1898245404,1898246274,3005000000,5063185000
420,4,9,10,29,31,34,27,11398851000,1899808505,1899808931,3146450000,5327820000
421,6,11,26,27,28,44,30,11605721625,1934286948,1934288061,3147350000,5254365000
422,8,15,19,21,34,44,12,13231508250,2205251391,2205251583,3202200000,5521090000
423,1,17,27,28,29,40,5,11688461625,1948076962,1948077048,3497400000,5752140000
424,10,11,26,31,34,44,30,11094808130,1849134693,1849135674,3772800000,5798345000
425,8,10,14,27,33,38,3,12278664000,2046444029,2046444213,3303550000,5554745000
426,4,17,18,27,39,43,19,12228934500,2038155777,2038156505,3555100000,5872950000
427,6,7,15,24,28,30,21,12571445625,2095240950,2095241440,3570000000,5923600000
428,12,16,19,22,37,40,8,12939148881,2156524830,2156525280,3800150000,6290155000
429,3,23,28,34,39,42,16,13373142381,2228857097,2228857461,3412800000,5753260000
430,1,3,16,18,30,34,44,12894105752,2149017660,2149017696,3501950000,5903345000
431,18,22,25,31,38,45,6,12684340130,2114056730,2114057715,3343250000,5575270000
432,2,3,5,11,27,39,33,11497137750,1916189664,1916189962,4187700000,6657070000
433,19,23,29,33,35,43,27,13005238510,2167539784,2167540398,3295300000,5562685000
434,3,13,20,24,33,37,35,11840482128,1973413722,1973415266,3913150000,6089260000
435,8,16,26,30,38,45,42,12875500130,2145916689,2145917526,3391900000,5611400000
436,9,14,20,22,33,34,28,12098132632,2016355440,2016356475,3537100000,5766565000
437,11,16,29,38,41,44,21,12577472628,2096245470,2096245586,3226550000,5402695000
438,6,12,20,26,29,38,45,12394279503,2065713250,2065713656,3250500000,5408815000
439,17,20,30,31,37,40,25,11400464250,1900077399,1900077561,3766750000,5872985000
440,10,22,28,34,36,44,2,11975238000,1995873030,1995874335,3421400000,5517005000
441,1,23,28,30,34,35,9,12681668252,2113611402,2113611864,3001350000,5225820000
442,25,27,29,36,38,40,41,12720717378,2120119569,2120120783,3184950000,5464065000
443,4,6,10,19,20,44,14,11948378256,1991396404,1991396844,3720700000,5966165000
444,11,13,23,35,43,45,17,12462565875,2077094318,2077095160,3280550000,5439460000
445,13,20,21,30,39,45,32,12541781252,2090296880,2090297118,3071650000,5232515000
446,1,11,12,14,26,35,6,12153742875,2025623819,2025623875,3409900000,5682730000
447,2,7,8,9,17,33,34,10631764500,1771960775,1771962252,4218150000,6383685000
448,3,7,13,27,40,41,36,12078638250,2013106375,2013106914,3606100000,5959680000
449,3,10,20,26,35,43,36,12179145750,2029857648,2029858110,3298150000,5570125000
450,6,14,19,21,23,31,13,11942349750,1990391654,1990392842,3373050000,5569835000
451,12,15,20,24,30,38,29,11467806376,1911301063,1911301652,3734800000,5905375000
452,8,10,18,30,32,34,27,11492118000,1915353024,1915353462,3343200000,5562355000
453,12,24,33,38,40,42,30,11313661875,1885610340,1885611628,3462500000,5480180000
454,13,25,27,34,38,41,10,11263879130,1877313221,1877313746,3724000000,5452100000
455,4,19,20,26,30,35,24,11449980381,1908330080,1908330784,3452800000,5665485000
456,1,7,12,18,23,27,44,11189535378,1864922592,1864923792,3792900000,5998060000
457,8,10,18,23,27,40,33,11599028250,1933171382,1933172382,3626200000,5747955000
458,4,9,10,32,36,40,18,12870501000,2145083512,2145083494,3645100000,6083360000
459,4,6,10,14,25,40,12,11590895631,1931815954,1931816764,3654200000,5836320000
460,8,11,28,30,43,45,41,12723583128,2120597190,2120598351,3339950000,5654090000
461,11,18,26,31,37,40,43,11692049250,1948674880,1948676527,3780250000,5942645000
462,3,20,24,32,37,45,4,11868474376,1978079064,1978080424,3355300000,5482845000
463,23,29,31,33,34,44,40,0,2023433208,2023434336,3112550000,5302560000
464,6,12,15,34,42,44,4,43624374378,5247295950,5247297265,7994950000,13412820000
465,1,8,11,13,22,38,31,13465640251,2244273392,2244274859,4162200000,6780260000
466,4,10,13,23,32,44,20,13772821131,2295470210,2295471438,4156600000,6637015000
467,2,12,14,17,24,40,39,12918969756,2153161626,2153163096,4415700000,7050960000
468,8,13,15,28,37,43,17,13744774503,2290795782,2290795933,3535050000,5937860000
469,4,21,22,34,37,38,33,13320525000,2220087507,2220088763,3294000000,5627770000
470,10,16,20,39,41,42,27,12999991875,2166665328,2166666670,3585300000,6037860000
471,6,13,29,37,39,41,43,13575330006,2262555000,2262555425,3164850000,5480880000
472,16,25,26,31,36,43,44,12667592630,2111265450,2111265624,3410600000,5663880000
473,8,13,20,22,23,36,34,13001672252,2166945408,2166946314,3353200000,5744855000
474,4,13,18,31,33,45,43,14050362000,2341727040,2341727322,4075000000,6680425000
475,1,9,14,16,21,29,3,13551384376,2258564088,2258565456,3762850000,6190275000
476,9,12,13,15,37,38,27,13759405876,2293234346,2293234564,3432150000,6017885000
477,14,25,29,32,33,45,37,15352094632,2558682456,2558682698,3650050000,6281195000
478,18,29,30,37,39,43,8,13821146626,2303524440,2303525695,3353450000,5706305000
479,8,23,25,27,35,44,24,13398279000,2233046526,2233046685,3574450000,5985595000
480,3,5,10,17,30,31,16,11986969128,1997828200,1997828874,4814400000,6910815000
481,3,4,23,29,40,41,20,13918067250,2319677880,2319678748,3334750000,5929135000
482,1,10,16,24,25,35,43,13285448253,2214241380,2214241469,3926100000,6460695000
483,12,15,19,22,28,34,5,12835983375,2139330584,2139331292,4174000000,6502685000
484,1,3,27,28,32,45,11,13831818378,2305303072,2305303819,3514250000,5986315000
485,17,22,26,27,36,39,20,13513274253,2252212380,2252213754,3639250000,6189490000
486,1,2,23,25,38,40,43,13112243625,2185373938,2185374946,3632900000,6154520000
487,4,8,25,27,37,41,21,13110646128,2185107732,2185108560,3831950000,6325440000
488,2,8,17,30,31,38,25,13303935750,2217322635,2217322615,3461200000,5906765000
489,2,4,8,15,20,27,11,12638163750,2106360672,2106361748,3791100000,6137260000
490,2,7,26,29,40,43,42,13021639127,2170273203,2170274526,3298050000,5634825000
491,8,17,35,36,39,42,4,13218537752,2203089648,2203089840,3414500000,5667720000
492,22,27,31,35,37,40,42,12465069000,2077511520,2077511802,3466350000,5760285000
493,20,22,26,33,36,37,25,13060083006,2176680519,2176681056,3430400000,5772075000
494,5,7,8,15,30,43,22,12655060884,2109176840,2109177954,3708700000,6078680000
495,4,13,22,27,34,44,6,12669870000,2111645008,2111645984,3788100000,6141720000
496,4,13,20,29,36,41,39,13143729000,2190621522,2190622458,3343650000,5589280000
497,19,20,23,24,43,44,13,13336906878,2222817840,2222818444,3055050000,5368200000
498,13,14,24,32,39,41,3,12978012376,2163002065,2163002294,3423550000,5698060000
499,5,20,23,27,35,40,43,12211440750,2035240146,2035241434,3839850000,6262045000
500,3,4,12,20,24,34,41,12159651375,2026608624,2026609392,4248950000,6544315000
501,1,4,10,17,31,42,2,12100800376,2016800117,2016800973,3861750000,6362705000
502,6,22,28,32,34,40,26,13208748750,2201458149,2201459130,3508000000,5880655000
503,1,5,27,30,34,36,40,12975444377,2162574078,2162574148,3491100000,5994410000
504,6,14,22,26,43,44,31,12989132631,2164855452,2164855530,3162850000,5411825000
505,7,20,22,25,38,40,44,11507731128,1917955190,1917956160,3487900000,5720070000
506,6,9,11,22,24,30,31,12220001625,2036666940,2036667168,3764450000,6123870000
507,12,13,32,33,40,41,4,12747949875,2124658320,2124659619,3670550000,6151570000
508,5,27,31,34,35,43,37,12796462880,2132743828,2132744376,3773000000,6170245000
509,12,25,29,35,42,43,24,13445380500,2240896752,2240897380,3246700000,5521305000
510,12,29,32,33,39,40,42,13220790750,2203465125,2203466002,3486200000,5868575000
511,3,7,14,23,26,42,24,12993475500,2165579253,2165579616,3615500000,6045020000
512,4,5,9,13,26,27,1,12221227876,2036871356,2036871724,4121950000,6591980000
513,5,8,21,23,27,33,12,13768874250,2294812404,2294812824,4113500000,6686775000
514,1,15,20,26,35,42,9,13353166500,2225527776,2225528430,3516150000,5905830000
515,2,11,12,15,23,37,8,13200466875,2200077845,2200079200,3738650000,6290195000
516,2,8,23,41,43,44,30,14236092002,2372682016,2372682090,3361650000,5849775000
517,1,9,12,28,36,41,10,13295288625,2215881440,2215882233,3542700000,5964360000
518,14,23,30,32,34,38,6,13582824750,2263804150,2263804115,3555500000,5994850000
519,6,8,13,16,30,43,3,13654209751,2275701632,2275702570,3570250000,6031240000
520,4,22,27,28,38,40,1,13003232628,2167205440,2167206302,3859800000,6304455000
521,3,7,18,29,32,36,19,13547367376,2257894605,2257894548,3779450000,6250080000
522,4,5,13,14,37,41,11,13689738000,2281623006,2281624150,3803900000,6469805000
523,1,4,37,38,40,45,7,12462490880,2077081847,2077083153,3985300000,6237270000
524,10,11,29,38,41,45,21,13966782376,2327797080,2327797542,3393300000,5815375000
525,11,23,26,29,39,44,22,13510191375,2251698598,2251699900,3689550000,6079865000
526,7,14,17,20,35,39,31,13419287631,2236547964,2236548672,3916250000,6455270000
527,1,12,22,32,33,42,38,13421022758,2236837135,2236838961,4160600000,6437520000
528,5,17,25,31,39,40,10,13176780375,2196130142,2196130882,4372150000,6833080000
529,18,20,24,27,31,42,39,13992918376,2332153065,2332153898,3753450000,6412215000
530,16,23,27,29,33,41,22,13548218629,2258036440,2258037558,3779750000,6276500000
531,1,5,9,21,27,35,45,13693677750,2282279664,2282281226,3937850000,6587445000
532,16,17,23,24,29,44,3,15518274002,2586379016,2586379920,3709300000,6443360000
533,9,14,15,17,31,33,23,14285372632,2380895440,2380896609,3925450000,6665065000
534,10,24,26,29,37,38,32,14215763250,2369293905,2369294722,3997150000,6662230000
535,11,12,14,15,18,39,34,14806809000,2467801500,2467801728,3837100000,6682430000
536,7,8,18,32,37,43,12,14393759633,2398959960,2398961036,4006950000,6683105000
537,12,23,26,30,36,43,11,14728272377,2454712085,2454713360,3763250000,6325715000
538,6,10,18,31,32,34,11,14064064875,2344010832,2344012464,4126450000,6738150000
539,3,19,22,31,42,43,26,14589330003,2431555014,2431555959,3779600000,6352395000
540,3,12,13,15,34,36,14,13925556750,2320926140,2320927344,3631450000,6170970000
541,8,13,26,28,32,34,43,13962598881,2327099840,2327099860,3695550000,6231175000
542,5,6,19,26,41,45,34,14010915378,2335152586,2335153184,3612100000,6181260000
543,13,18,26,31,34,44,12,13355218128,2225869710,2225870976,4076000000,6402165000
544,5,17,21,25,36,44,10,13603049629,2267174955,2267175075,3713150000,6177545000
545,4,24,25,27,34,35,2,13188937883,2198156352,2198157375,3865050000,6533285000
546,8,17,20,27,37,43,6,12178198500,2029699760,2029701070,5223450000,6895535000
547,6,7,15,22,34,39,28,14192222250,2365370424,2365371864,3776350000,6284920000
548,1,12,13,21,32,45,14,13894975128,2315829198,2315829824,3902850000,6456430000
549,29,31,35,38,40,44,17,14086440376,2347740080,2347741028,3585000000,6065385000
550,1,7,14,20,34,37,41,12305471255,2050911900,2050913128,5171050000,6642540000
551,3,6,20,24,27,44,25,13526973750,2254495648,2254495680,3890550000,6568170000
552,1,10,20,32,35,40,43,13308242250,2218040415,2218041744,4320450000,6736420000
553,2,7,17,28,29,39,37,13497788628,2249631488,2249632359,3884350000,6362340000
554,13,14,17,32,41,42,6,13627787250,2271297910,2271299100,3721800000,6170050000
555,11,17,21,24,26,36,12,13688218880,2281369816,2281369902,3902300000,6483650000
556,12,20,23,28,30,44,43,14036464127,2339410718,2339411191,3684450000,6287660000
557,4,20,26,28,35,40,31,13216485002,2202747541,2202748704,3728450000,6192850000
558,12,15,19,26,40,43,29,13159136630,2193189465,2193189504,3891700000,6032285000
559,11,12,25,32,44,45,23,13483019256,2247169890,2247170850,3691150000,6198200000
560,1,4,20,23,29,45,28,13836880505,2306146760,2306148156,3656150000,6177325000
561,5,7,18,37,42,45,20,13768561125,2294760201,2294761368,3698300000,6262810000
562,4,11,13,17,20,31,33,12833640754,2138940153,2138940923,4254700000,6777885000
563,5,10,16,17,31,32,21,13529149501,2254858250,2254858438,3997250000,6623950000
564,14,19,25,26,27,34,2,13543608001,2257268000,2257268279,4155000000,6793090000
565,4,10,18,27,40,45,38,13936515752,2322752640,2322753882,4271900000,6924390000
566,4,5,6,25,26,43,41,14035804128,2339300705,2339301570,3739450000,6379450000
567,1,10,15,16,32,41,28,13911956628,2318659476,2318660617,3814200000,6356260000
568,1,3,17,20,31,44,40,13051675500,2175279250,2175280830,4389200000,7049380000
569,3,6,13,23,24,35,1,13871700752,2311950132,2311950728,4079100000,6646250000
570,1,12,26,27,29,33,42,13750124625,2291687470,2291687970,3878250000,6615390000
571,11,18,21,26,38,43,29,13765769255,2294294904,2294296122,3702100000,6190305000
572,3,13,18,33,37,45,1,13345729504,2224288259,2224288500,4068050000,6374445000
573,2,4,20,34,35,43,14,13165534128,2194255700,2194256198,3949850000,6542465000
574,14,15,16,19,25,43,2,13930369876,2321728332,2321729454,3445500000,5922140000
575,2,8,20,30,33,34,6,13594143000,2265690510,2265691296,3750000000,6289845000
576,10,11,15,25,35,41,13,12965898000,2160983016,2160984399,3845150000,6212560000
577,16,17,22,31,34,37,33,13453315125,2242219224,2242220470,3957500000,6610160000
578,5,12,14,32,34,42,16,13982332875,2330388827,2330390090,4015150000,6634110000
579,5,7,20,22,37,42,39,15356752884,2559458814,2559459960,4250550000,7040215000
580,5,7,9,11,32,35,33,14200273500,2366712264,2366712585,4317600000,7005810000
581,3,5,14,20,42,44,33,14756436376,2459406066,2459406752,3848200000,6605280000
582,2,12,14,33,40,41,25,14242234876,2373705834,2373706839,3995850000,6667980000
583,8,17,27,33,40,44,24,14760331883,2460055329,2460056588,4429150000,7228055000
584,7,18,30,39,40,41,36,15099549750,2516591648,2516592576,3898600000,6640595000
585,6,7,10,16,38,41,4,14584917006,2430819540,2430820328,3984550000,6695395000
586,2,7,12,15,21,34,5,14226834752,2371139138,2371139600,4048250000,6733685000
587,14,21,29,31,32,37,17,14923732125,2487288689,2487288930,3687250000,6272190000
588,2,8,15,22,25,41,30,14446710375,2407785086,2407785176,3925850000,6578420000
589,6,8,28,33,38,39,22,14958145881,2493024324,2493024962,3871750000,6505920000
590,20,30,36,38,41,45,23,15296287881,2549381317,2549382310,3500950000,6105565000
591,8,13,14,30,38,39,5,14823381000,2470563502,2470563809,3665500000,6256965000
592,2,5,6,13,28,44,43,14138290128,2356381692,2356382888,3775950000,6421735000
593,9,10,13,24,33,38,28,13795501500,2299250284,2299251870,4370650000,6919450000
594,2,8,13,25,28,37,3,13811520756,2301920166,2301920250,3957850000,6509010000
595,8,24,28,35,38,40,5,13956201752,2326033638,2326033656,3882600000,6407775000
596,3,4,12,14,25,43,17,13282676630,2213779461,2213779672,4000350000,6569950000
597,8,10,23,24,35,43,37,13752967878,2292161324,2292161548,3777650000,6301240000
598,4,12,24,33,38,45,22,13343977504,2223996250,2223996423,4300250000,6667055000
599,5,12,17,29,34,35,27,13687346632,2281224476,2281225455,3953450000,6487650000
600,5,11,14,27,29,36,44,13526980875,2254496848,2254497168,3856900000,6293385000
601,2,16,19,31,34,35,37,13721086881,2286847836,2286848100,3611650000,6027795000
602,13,14,22,27,30,38,2,13516246880,2252707842,2252709175,3851300000,6258465000
603,2,19,25,26,27,43,28,13808546252,2301424380,2301425500,3589950000,6136980000
604,2,6,18,21,33,34,30,13520557127,2253426192,2253426216,3773800000,6331990000
605,1,2,7,9,10,38,42,12548090250,2091348400,2091349386,4649000000,6931675000
606,1,5,6,14,20,39,22,13115668500,2185944772,2185945368,4143950000,6832940000
607,8,14,23,36,38,39,13,13977923628,2329653970,2329655344,3663850000,6102025000
608,4,8,18,19,39,44,41,13604710126,2267451712,2267452396,3717650000,6215795000
609,4,8,27,34,39,40,13,12678622876,2113103832,2113104801,4023600000,6500670000
610,14,18,20,23,28,36,33,14064073500,2344012258,2344012620,3585900000,6093380000
611,2,22,27,33,36,37,14,14010824628,2335137472,2335137550,3729450000,6294990000
612,6,9,18,19,25,33,40,12998757750,2166459645,2166461193,4311400000,6822580000
613,7,8,11,16,41,44,35,13948480881,2324746830,2324746982,3897250000,6497900000
614,8,21,25,39,40,44,18,15245852628,2540975462,2540976246,4019650000,6803535000
615,10,17,18,19,23,27,35,13815561753,2302593634,2302594330,4199050000,6916390000
616,5,13,18,23,40,45,3,14506301250,2417716889,2417717900,4055900000,6754045000
617,4,5,11,12,24,27,28,13037614880,2172935813,2172936012,4686550000,7409025000
618,8,16,25,30,42,43,15,14406631125,2401105230,2401105806,3762150000,6304410000
619,6,8,13,30,35,40,21,13837438125,2306239731,2306240336,4185500000,6776045000
620,2,16,17,32,39,45,40,14197982631,2366330472,2366332023,3907750000,6332995000
621,1,2,6,16,19,42,9,14158341000,2359723534,2359724940,4142150000,6683670000
622,9,15,16,21,28,34,24,14675384628,2445897440,2445897888,3881300000,6352185000
623,7,13,30,39,41,45,25,14509620752,2418270155,2418270400,3676100000,6229810000
624,1,7,19,26,27,35,16,13818647250,2303107887,2303108280,3942000000,6549500000
625,3,6,7,20,21,39,13,13825923375,2304320580,2304321374,4100700000,6772225000
626,13,14,26,33,40,43,15,13742968880,2290494825,2290494936,4313050000,6856085000
627,2,9,22,25,31,45,12,13522306500,2253717760,2253719072,3741200000,6219725000
628,1,7,12,15,23,42,11,13499485875,2249914315,2249915536,4007350000,6619890000
629,19,28,31,38,43,44,1,14597167875,2432861330,2432861922,3427700000,5918760000
630,8,17,21,24,27,31,15,14508916500,2418152784,2418153220,4219000000,7103725000
631,1,2,4,23,31,34,8,15679414128,2613235712,2613235960,4285500000,7458925000
632,15,18,21,32,35,44,6,15758464876,2626410852,2626411935,3920900000,6601115000
633,9,12,19,20,39,41,13,14607085128,2434514225,2434515925,4380650000,7151135000
634,4,10,11,12,20,27,38,14013156378,2335526082,2335527456,5075700000,7814875000
635,11,13,25,26,29,33,32,14844697880,2474116330,2474117250,4283750000,7138130000
636,6,7,15,16,20,31,26,14658897752,2443149632,2443150116,4541500000,7306500000
637,3,16,22,37,38,44,23,15596964376,2599494075,2599495431,4107350000,6849130000
638,7,18,22,24,31,34,6,15605822253,2600970382,2600970768,4239050000,7112980000
639,6,15,22,23,25,32,40,16244740876,2707456815,2707458424,4243050000,7198595000
640,14,15,18,21,26,35,23,15558919506,2593153296,2593153684,4270500000,7024525000
641,11,18,21,36,37,43,12,15920596504,2653432750,2653434025,3957250000,6701855000
642,8,17,18,24,39,45,32,15017525256,2502920904,2502921300,4420300000,7328445000
643,15,24,31,32,33,40,13,15214581750,2535763664,2535763900,4232800000,7036125000
644,5,13,17,23,28,36,8,14651609632,2441934943,2441935247,4379100000,7008720000
645,1,4,16,26,40,41,31,14785191000,2464198520,2464198696,4393650000,7223640000
646,2,9,24,41,43,45,30,15508488751,2584748160,2584748676,3870000000,6606060000
647,5,16,21,23,24,30,29,15328079256,2554679908,2554680492,3960100000,6759630000
648,13,19,28,37,38,43,4,14846915629,2474485965,2474486329,4049300000,6592015000
649,3,21,22,33,41,42,20,14740210500,2456701785,2456702859,4017350000,6565625000
650,3,4,7,11,31,41,35,14246494500,2374415775,2374417160,4351500000,7148715000
651,11,12,16,26,29,44,18,14842451632,2473741970,2473742112,4128350000,6829160000
652,3,13,15,40,41,44,20,15017417625,2502902952,2502904160,3786950000,6403315000
653,5,6,26,27,38,39,1,13733421380,2288903568,2288905484,4449750000,7097040000
654,16,21,26,31,36,43,6,15034411128,2505735207,2505736761,3889400000,6413625000
655,7,37,38,39,40,44,18,14952956625,2492159457,2492160860,3871850000,6408275000
656,3,7,14,16,31,40,39,14660005500,2443334256,2443334983,4188600000,6928785000
657,10,14,19,39,40,43,23,15252865128,2542144228,2542145628,3919800000,6627965000
658,8,19,25,28,32,36,37,14706282375,2451047082,2451047888,4136900000,6820345000
659,7,18,19,27,29,42,45,14702646376,2450441080,2450441280,4251400000,6983945000
660,4,9,23,33,39,44,14,14212725750,2368787664,2368789091,4412350000,7044010000
661,2,3,12,20,27,38,40,13704204376,2284034067,2284035810,4392000000,7134415000
662,5,6,9,11,15,37,26,13517869504,2252978292,2252979907,4424650000,7133795000
663,3,5,8,19,38,42,20,14561709001,2426951520,2426951971,4204600000,6930140000
664,10,20,33,36,41,44,5,15368013380,2561335568,2561336280,3869750000,6600410000
665,5,6,11,17,38,44,13,14572921500,2428820250,2428820570,4361350000,7151025000
666,2,4,6,11,17,28,16,14381406378,2396901065,2396901078,4681550000,7469700000
667,15,17,25,37,42,43,13,15601350751,2600225160,2600226568,4067200000,6841815000
668,12,14,15,24,27,32,3,14955793125,2492632240,2492633352,4470700000,7261445000
669,7,8,20,29,33,38,9,16249039128,2708173208,2708174480,4653900000,7656820000
670,11,18,26,27,40,41,25,14300702628,2383450446,2383451070,4634000000,7419740000
671,7,9,10,13,31,35,24,14889291376,2481548592,2481549266,4518200000,7599815000
672,8,21,28,31,36,45,43,15792705000,2632117516,2632118652,4008350000,6705875000
673,7,10,17,29,33,44,5,14914533000,2485755510,2485755840,4441900000,7253845000
674,9,10,14,25,27,31,11,14164524000,2360754000,2360755254,4482300000,7325155000
675,1,8,11,15,18,45,7,14058196128,2343032705,2343033966,4405900000,7079150000
676,1,8,17,34,39,45,27,15037812000,2506302036,2506302855,4163800000,6859605000
677,12,15,24,36,41,44,42,15368915256,2561485876,2561486571,3991350000,6650575000
678,4,5,6,12,25,37,45,13730941128,2288490194,2288491240,4665250000,7470475000
679,3,5,7,14,26,34,35,14315028000,2385838044,2385839050,4558550000,7465205000
680,4,10,19,29,32,42,30,15547987882,2591331336,2591331930,4322050000,7069900000
681,21,24,27,29,43,44,7,16177973628,2696328972,2696330032,3653100000,6410395000
682,17,23,27,35,38,43,2,16254854252,2709142408,2709143961,4380900000,7324890000
683,6,13,20,27,28,40,15,16174894128,2695815720,2695817696,5898700000,8504820000
684,1,11,15,17,25,39,40,15199341381,2533223590,2533225344,4930350000,8115805000
685,6,7,12,28,38,40,18,16438044381,2739674080,2739675350,4765100000,7880845000
686,7,12,15,24,25,43,13,15500253752,2583375660,2583377388,4551350000,7418650000
687,1,8,10,13,28,42,45,16320175878,2720029322,2720030460,4570200000,7691900000
688,5,15,22,23,34,35,2,17707830750,2951305159,2951306505,4883800000,8053565000
689,7,17,19,30,36,38,34,16252431377,2708738604,2708738712,4514800000,7545365000
690,24,25,33,34,38,39,43,16897614375,2816269096,2816269724,4398500000,7642360000
691,15,27,33,35,43,45,16,17035780500,2839296758,2839297216,4303150000,7277640000
692,3,11,14,15,32,36,44,16108915879,2684819324,2684820960,4388150000,7328545000
693,1,6,11,28,34,42,30,16427638130,2737939688,2737940256,4350850000,7422100000
694,7,15,20,25,33,43,12,15550363880,2591727372,2591727354,5123700000,7909110000
695,4,18,26,33,34,38,14,15952363130,2658727236,2658729109,4771800000,7794425000
696,1,7,16,18,34,38,21,16320544130,2720090692,2720092130,4501000000,7509760000
697,2,5,8,11,33,39,31,15314430380,2552405130,2552405620,4984900000,8078930000
698,3,11,13,21,33,37,18,15368673000,2561445504,2561445648,4898250000,7751820000
699,4,5,8,16,21,29,3,15963291000,2660548500,2660550095,4525200000,7561985000
700,11,23,28,29,30,44,13,16656793504,2776132263,2776133228,4143700000,7070380000
701,3,10,14,16,36,38,35,15831831750,2638638640,2638639500,4095850000,7022110000
702,3,13,16,24,26,29,9,16116005257,2686000904,2686000884,4402150000,7219770000
703,10,28,31,33,41,44,21,16178920500,2696486790,2696487003,4209700000,7082900000
704,1,4,8,23,33,42,45,15460761376,2576793565,2576793828,4751050000,7599660000
705,1,6,17,22,28,45,23,15948826128,2658137692,2658138665,4396550000,7268270000
706,3,4,6,10,28,30,37,15326984252,2554497384,2554497588,4768800000,7656965000
707,2,12,19,24,39,44,35,15866007756,2644334648,2644335278,4714050000,7538235000
708,2,10,16,19,34,45,1,16398208876,2733034824,2733035088,4304550000,7234325000
709,10,18,30,36,39,44,32,16313802750,2718967152,2718967840,4115250000,6929265000
710,3,4,9,24,25,33,10,14477205750,2412867627,2412869030,5102900000,8136145000
711,11,15,24,35,37,45,42,15941893506,2656982284,2656983440,4494900000,7325615000
712,17,20,30,31,33,45,19,16137940500,2689656780,2689657432,4303300000,7247605000
713,2,5,15,18,19,23,44,15432488253,2572081400,2572081965,4396000000,7350625000
714,1,7,22,33,37,40,20,14595922131,2432653696,2432655347,4828800000,7759965000
715,2,7,27,33,41,44,10,15633062628,2605510446,2605511570,4537350000,7515870000
716,2,6,13,16,29,30,21,16305025884,2717504335,2717504328,4431400000,7348650000
717,2,11,19,25,28,32,44,16214602128,2702433730,2702435610,4841800000,7837650000
718,4,11,20,23,32,39,40,15744829888,2624138368,2624139088,5730700000,7976575000
719,4,8,13,19,20,43,26,16916232006,2819372054,2819372580,4995300000,8138920000
720,1,12,29,34,36,37,41,17272785012,2878797506,2878798916,4413000000,7526165000
721,1,28,35,41,43,44,31,18190138880,3031689840,3031690671,4238500000,7321765000
722,12,14,21,30,39,43,45,17461690876,2910281816,2910282488,4245600000,7195390000
723,20,30,33,35,36,44,22,16914922880,2819153840,2819155413,4257050000,7064835000
724,2,8,33,35,37,41,14,17133477756,2855579650,2855581209,4504150000,7644850000
725,6,7,19,21,41,43,38,17371389750,2895231631,2895232685,4417950000,7524535000
726,1,11,21,23,34,44,24,16336216876,2722702864,2722703157,4835900000,7782125000
727,7,8,10,19,21,31,20,15611508388,2601918135,2601919680,4963550000,8000675000
728,3,6,10,30,34,37,36,16217322000,2702887040,2702887992,4734650000,7795310000
729,11,17,21,26,36,45,16,16793002876,2798833835,2798835000,4478000000,7523410000
730,4,10,14,15,18,22,39,16139056880,2689842825,2689843259,4439550000,7508760000
731,2,7,13,25,42,45,39,16383297378,2730549600,2730550248,4804150000,7971290000
732,2,4,5,17,27,32,43,15422894256,2570482395,2570483322,5229150000,8529965000
733,11,24,32,33,35,40,13,16066900500,2677816794,2677817824,5068450000,8169760000
734,6,16,37,38,41,45,18,17544559500,2924093268,2924093706,4625700000,7710345000
735,5,10,13,27,37,41,4,18472315880,3078719350,3078719878,5350650000,8763700000
736,2,11,17,18,21,27,6,16986811125,2831135220,2831136750,5367850000,8738170000
737,13,15,18,24,27,41,11,17132244000,2855374032,2855374314,4709150000,7835830000
738,23,27,28,38,42,43,36,17976102001,2996017008,2996017600,4402500000,7513425000
739,7,22,29,33,34,35,30,18976489128,3162748230,3162748968,5099150000,8598695000
740,4,8,9,16,17,19,31,16864736256,2810789385,2810790596,5786100000,9320845000
741,5,21,27,34,44,45,16,18261575628,3043595940,3043596833,4750350000,8097175000
742,8,10,13,36,37,40,6,17789037008,2964839504,2964839820,4917400000,8292780000
743,15,19,21,34,41,44,10,18260487000,3043414510,3043414514,4594300000,7776810000
744,10,15,18,21,34,41,43,17331173625,2888528974,2888531506,5461450000,8183965000
745,1,2,3,9,12,23,10,14936459640,2489410000,2489412224,7095900000,9776380000
746,3,12,33,36,42,45,25,18347613381,3057935566,3057936336,4709850000,7946455000
747,7,9,12,14,23,28,17,17128931256,2854821908,2854822032,5265350000,8565015000
748,3,10,13,22,31,32,29,17354218878,2892369862,2892371014,4972400000,8263780000
749,12,14,24,26,34,45,41,17551357135,2925226240,2925227010,4778650000,7945985000
750,1,2,15,19,24,36,12,17654730002,2942455032,2942455326,4656750000,7927660000
751,3,4,16,20,28,44,17,16783744880,2797290843,2797292030,5131600000,8257190000
752,4,16,20,33,40,43,7,16833229506,2805538275,2805538776,5123850000,8232255000
753,2,17,19,24,37,41,3,16266630378,2711105078,2711106342,4878300000,7890360000
754,2,8,17,24,29,31,32,17137710000,2856285000,2856285632,4663950000,7868695000
755,13,14,26,28,30,36,37,17715418128,2952569718,2952570105,4487250000,7542510000
756,10,14,16,18,27,28,4,17072173500,2845362293,2845362636,4740000000,7993575000
757,6,7,11,17,33,44,1,15536637018,2589439524,2589440461,5867650000,8943335000
758,5,9,12,30,39,43,24,16631759632,2771959995,2771960170,5306050000,8400400000
759,9,33,36,40,42,43,32,18196023000,3032670520,3032670930,4427150000,7627590000
760,10,22,27,31,42,43,12,18026395128,3004399215,3004400718,4461050000,7604155000
761,4,7,11,24,42,45,30,16749113626,2791518964,2791519062,5075150000,8300650000
762,1,3,12,21,26,41,16,16314320630,2719053488,2719053484,5170300000,8356720000
763,3,8,16,32,34,43,10,17105040000,2850840000,2850840114,4708800000,7810530000
764,7,22,24,31,34,36,15,17219828255,2869971412,2869971624,4544800000,7654895000
765,1,3,8,12,42,43,33,16638213750,2773035648,2773035699,5082650000,8219245000
766,9,30,34,35,39,41,21,17389098376,2898183072,2898183324,4271100000,7293820000
767,5,15,20,31,34,42,22,17456530875,2909421846,2909422680,4621850000,7745575000
768,7,27,29,30,38,44,4,17726439380,2954406613,2954408009,4656300000,7861935000
769,5,7,11,16,41,45,4,17376840378,2896140115,2896141554,4963600000,8303995000
770,1,9,12,23,39,43,34,17304794632,2884132500,2884134364,5422500000,8587630000
771,6,10,17,18,21,29,30,17450579628,2908429986,2908431136,5100650000,8404880000
772,5,6,11,14,21,41,32,17696088380,2949348081,2949349864,5151150000,8441750000
773,8,12,19,21,31,35,44,17703433880,2950572346,2950573734,5223700000,8452020000
774,12,15,18,28,34,42,9,18806936632,3134489460,3134490000,5076200000,8521395000
775,11,12,29,33,38,42,17,17352188250,2892031407,2892031848,4564850000,7696625000
776,8,9,18,21,28,40,20,17903055751,2983842650,2983843176,5104050000,8438250000
777,6,12,17,21,34,37,18,17502828756,2917138158,2917138438,5596900000,8833175000
778,6,21,35,36,37,41,11,18792208500,3132034796,3132035049,4606300000,7875225000
779,6,12,19,24,34,41,4,16804802256,2800800420,2800801934,5723200000,8757235000
780,15,17,19,21,27,45,16,18342721507,3057120270,3057120392,4631500000,8027580000
781,11,16,18,19,24,39,43,16946023878,2824337360,2824338587,5147950000,8498930000
782,6,18,31,34,38,45,20,17518388625,2919731444,2919732309,4841050000,7928085000
783,14,15,16,17,38,45,36,18415858500,3069309780,3069311049,4544950000,7663200000
784,3,10,23,24,31,39,22,17178102000,2863017039,2863018042,5754450000,8497105000
785,4,6,15,25,26,33,40,17319736128,2886622695,2886623460,5003100000,8391200000
786,12,15,16,20,24,30,38,18205461000,3034243584,3034245120,5150000000,8541130000
787,5,6,13,16,27,28,9,18552649878,3092108325,3092108881,5742100000,9317995000
788,2,10,11,19,35,39,29,18219177002,3036529510,3036531688,5625200000,9143505000
789,2,6,7,12,19,45,38,17114652375,2852442110,2852442701,5904450000,9344315000
790,3,8,19,27,30,41,12,18568260384,3094710067,3094712298,5666800000,9064960000
791,2,10,12,31,33,42,32,17543146502,2923857750,2923857790,5146550000,8565510000
792,2,7,19,25,29,36,16,18590157376,3098359615,3098360738,4959250000,8423375000
793,10,15,21,35,38,43,31,18750733875,3125122354,3125123982,4910800000,8176960000
794,6,7,18,19,30,38,13,18556582128,3092763690,3092764917,5840450000,9388230000
795,3,10,13,26,34,38,36,18864747000,3144124532,3144125991,5552150000,9125525000
796,1,21,26,36,40,41,5,19344432380,3224072104,3224073851,4835050000,8215345000
797,5,22,31,32,39,45,36,19176225000,3196037502,3196037788,4895000000,8206670000
798,2,10,14,22,32,36,41,18975543377,3162590580,3162591396,4949400000,8269255000
799,12,17,23,34,42,45,33,18264272250,3044045424,3044046354,5375950000,8626180000
800,1,4,10,12,28,45,26,17954708255,2992451418,2992453385,5547800000,9009620000
801,17,25,28,37,43,44,2,18054293256,3009048909,3009050722,4850300000,8094705000
802,10,11,12,18,24,42,27,17327167888,2887861336,2887861707,5399000000,9071500000
803,5,9,14,26,30,43,2,18319051125,3053175200,3053175546,5120650000,8289345000
804,1,10,13,26,32,36,9,17951961753,2991993655,2991994880,5045350000,8297215000
805,3,12,13,18,31,32,42,17064247876,2844041321,2844042725,5280100000,8500560000
806,14,20,23,31,37,38,27,18485326125,3080887734,3080888250,4559000000,7809190000
807,6,10,18,25,34,35,33,17063636254,2843939417,2843940435,5415000000,8749275000
808,15,21,31,32,41,43,24,18525723000,3087620510,3087620982,4765950000,7988805000
809,6,11,15,17,23,40,39,17528236500,2921372776,2921374405,5217500000,8518570000
810,5,10,13,21,39,43,11,17852784376,2975464064,2975464225,5030400000,8360065000
811,8,11,19,21,36,45,25,17669037379,2944839583,2944841607,5207750000,8518940000
812,1,3,12,14,16,43,10,17687728500,2947954768,2947954880,5024900000,8465370000
813,11,30,34,35,42,44,27,18367052628,3061175461,3061177200,4466150000,7741920000
814,2,21,28,38,42,45,30,18403152378,3067192076,3067193727,4691850000,7928885000
815,17,21,25,26,27,36,4,18058987506,3009831279,3009832813,4648850000,7980700000
816,12,18,19,29,31,39,7,17024863504,2837477269,2837477808,5120100000,8378995000
817,3,9,12,13,25,43,34,16816296006,2802716046,2802716972,5263800000,8590855000
818,14,15,25,28,29,30,3,17950456134,2991742689,2991743145,4510250000,7452485000
819,16,25,33,38,40,45,15,18161743880,3026957360,3026958095,4883350000,8190445000
820,10,21,22,30,35,42,6,18509254128,3084875700,3084877110,4971650000,8221630000
821,1,12,13,24,29,44,16,18426183384,3071030600,3071031600,5054100000,8436775000
822,9,18,20,24,27,36,12,17792695875,2965449386,2965449621,5439450000,8677825000
823,12,18,24,26,39,40,15,18088595253,3014765912,3014766256,5603250000,8978685000
824,7,9,24,29,34,38,26,18849698250,3141616422,3141617076,5267950000,8727830000
825,8,15,21,31,33,38,42,19904526756,3317421156,3317421185,5653500000,9252420000
826,13,16,24,25,33,36,42,18676728756,3112788145,3112789608,5431300000,8775765000
827,5,11,12,29,33,44,14,18097505625,3016250958,3016252562,5308200000,8806855000
828,4,7,13,29,31,39,18,18917417636,3152902988,3152903280,5032200000,8520990000
829,4,5,31,35,43,45,29,19557205128,3259534230,3259534223,4733950000,8189180000
830,5,6,16,18,37,38,17,18544758750,3090793200,3090794616,5310300000,8820355000
831,3,10,16,19,31,39,9,17771236128,2961872690,2961872760,5866600000,9249795000
832,13,14,19,26,40,43,30,18793841256,3132306900,3132307750,5115600000,8531895000
833,12,18,30,39,41,42,19,18850538256,3141756419,3141756555,5157600000,8577550000
834,6,8,18,35,42,43,3,18597630381,3099605068,3099606468,4956600000,8217455000
835,9,10,13,28,38,45,35,18505216875,3084202838,3084203514,5338150000,8835445000
836,1,9,11,14,26,28,19,17609811380,2934968586,2934969900,5192300000,8596300000
837,2,25,28,30,33,45,6,18866694750,3144449131,3144450176,4866700000,8284795000
838,9,14,17,33,36,38,20,19068665250,3178110900,3178112040,5394850000,8887505000
839,3,9,11,12,13,19,35,17672913752,2945485632,2945486232,6311350000,9734620000
840,2,4,11,28,29,43,27,20429617880,3404936358,3404937900,5529300000,9260095000
841,5,11,14,30,33,38,24,18973627138,3162271200,3162272610,5982400000,9509825000
842,14,26,32,36,39,42,38,20354750250,3392458398,3392459654,5159500000,8679555000
843,19,21,30,33,34,42,4,20064850500,3344141788,3344142802,5285850000,8889765000
844,7,8,13,15,33,45,18,20933343756,3488890679,3488892480,6003900000,9987780000
845,1,16,29,33,40,45,6,20803389002,3467231544,3467233096,5289500000,8914665000
846,5,18,30,41,43,45,13,20759497135,3459916197,3459916329,5300450000,8988640000
847,12,16,26,28,30,42,22,20166773256,3361128880,3361130703,5716200000,9286025000
848,1,2,16,22,38,39,34,21081066006,3513511008,3513511749,5192250000,8961295000
849,5,13,17,29,34,39,3,19690299011,3281716536,3281716656,5656250000,9256855000
850,16,20,24,28,36,39,5,20265527250,3377587895,3377588662,5079550000,8636835000
851,14,18,22,26,31,44,40,19869538504,3311589750,3311589897,5306600000,8750240000
852,11,17,28,30,33,35,9,19206173628,3201028984,3201030264,5742500000,9384665000
853,2,8,23,26,27,44,13,20195047502,3365841330,3365842380,5257900000,8937555000
854,20,25,31,32,36,43,3,20530240500,3421706772,3421708040,4957600000,8580415000
855,8,15,17,19,43,44,7,20425594500,3404265796,3404267508,5126600000,8826640000
856,10,24,40,41,43,44,17,19889637750,3314939643,3314941058,5226850000,8501845000
857,6,10,16,28,34,38,43,19273731375,3212288572,3212288838,5598550000,9169700000
858,9,13,32,38,39,43,23,19821127131,3303521208,3303522425,5308800000,8946475000
859,8,22,35,38,39,41,24,20393202379,3398867103,3398868210,4886450000,8394725000
860,4,8,18,25,27,32,42,18798998250,3133166404,3133167687,6443350000,9414655000
861,11,17,19,21,22,25,24,19488435376,3248072620,3248073744,5432200000,9099495000
862,10,34,38,40,42,43,32,19718304381,3286384101,3286384590,5238250000,8775180000
863,16,21,28,35,39,43,12,19973501254,3328916928,3328917408,5247450000,8765485000
864,3,7,10,13,25,36,32,18882090007,3147015040,3147016215,6145650000,9788375000
865,3,15,22,32,33,45,2,20172478885,3362079864,3362079924,5231300000,8746170000
866,9,15,29,34,37,39,12,20163681000,3360613516,3360615280,5245950000,8850085000
867,14,17,19,22,24,40,41,19668776250,3278129394,3278129550,5475800000,9102760000
868,12,17,28,41,43,44,25,19402825500,3233804285,3233806096,5456650000,8947455000
869,2,6,20,27,37,39,4,19225825880,3204304320,3204305520,5428100000,9071660000
870,21,25,30,32,40,42,31,19288429880,3214738320,3214740207,5100000000,8526425000
871,2,6,12,26,30,34,38,19026499506,3171083292,3171085394,5433300000,8961785000
872,2,4,30,32,33,43,29,20203289264,3367214904,3367216638,4984050000,8579490000
873,3,5,12,13,33,39,38,18745532250,3124255376,3124255500,6184200000,10009550000
874,1,15,19,23,28,42,32,20108230506,3351371772,3351373760,5532750000,9151345000
875,19,22,30,34,39,44,36,19823254136,3303875718,3303876798,5253550000,8633085000
876,5,16,21,26,34,42,24,20722499264,3453749906,3453752058,5630950000,9283235000
877,5,17,18,22,23,43,12,20599286256,3433214400,3433214939,5490300000,9336350000
878,2,6,11,16,25,31,3,19247961000,3207993540,3207993699,6456950000,9970940000
879,1,4,10,14,15,35,20,19238167878,3206361389,3206362986,6174850000,9761385000
880,7,17,19,23,24,45,38,19864673255,3310778900,3310780044,5749700000,9695320000
881,4,18,20,26,27,32,9,20025698256,3337616390,3337616458,5847600000,9699245000
882,18,34,39,43,44,45,23,20636352000,3439392000,3439393212,5461300000,9199365000
883,9,18,32,33,37,44,22,20407792875,3401298875,3401300700,5980650000,9621045000
884,4,14,23,28,37,45,17,21588927384,3598154614,3598155966,5403800000,9088270000
885,1,3,24,27,39,45,31,20069823384,3344970608,3344972623,5591600000,9346795000
886,19,23,28,37,42,45,2,20822506502,3470417760,3470418740,5488300000,8841405000
887,8,14,17,27,36,45,10,20282149504,3380358300,3380359668,5735950000,9429620000
888,3,7,12,31,34,38,32,18962873632,3160478960,3160479542,6151250000,9953575000
889,3,13,29,38,39,42,26,21089869500,3514978260,3514979594,5709900000,9537385000
890,1,4,14,18,29,37,6,21019375503,3503229290,3503231424,5742950000,9577965000
891,9,13,28,31,39,41,19,21578717629,3596453014,3596455121,6106600000,9993115000
892,4,9,17,18,26,42,36,21794296888,3632382858,3632384322,6707750000,10778745000
893,1,15,17,23,25,41,10,21396902625,3566150474,3566152360,5803100000,9498480000
894,19,32,37,40,41,43,45,21401423631,3566903984,3566905524,5837450000,9859910000
895,16,26,31,38,39,41,23,23136950628,3856158478,3856160000,6702950000,10928910000
896,5,12,25,26,38,45,23,21372554252,3562092386,3562093458,6403400000,10330860000
897,6,7,12,22,26,36,29,21058992760,3509832152,3509832700,6053800000,9983280000
898,18,21,28,35,37,42,17,21114505880,3519084352,3519087120,6852550000,10028695000
899,8,19,20,21,33,39,37,20156136378,3359356081,3359357934,6095000000,9968825000
900,7,13,16,18,35,38,14,20099108250,3349851411,3349851750,5656600000,9364275000
901,5,18,20,23,30,34,21,20411772003,3401962051,3401961996,5722550000,9453735000
902,7,19,23,24,36,39,30,21051127877,3508521330,3508522452,5956300000,9726520000
903,2,15,16,21,22,28,45,21899568756,3649928170,3649930308,5599050000,9514105000
904,2,6,8,26,43,45,11,21744622504,3624103836,3624105087,5781300000,9694980000
